source,scraped_at,url,sku,title,price,currency,price_usd,best_offer,best_offer_currency,best_offer_usd,last_sale,last_sale_currency,last_sale_usd,last_sale_at,listing_marketplace,listing_expires_at,listing_quantity,chain,contract_address,token_id,token_standard,collection_slug,collection_name,rarity_rank,traits,image_url,owner_address,owner_username,is_delisted,is_compromised,data_source,page,position
opensea.io,2026-09-17T08:22:50.208548+00:00,https://opensea.io/item/ethereum/0xbc4ca0eda7647a8ab7c2061c2e118a18a936f13d/1774,ethereum/0xbc4ca0eda7647a8ab7c2061c2e118a18a936f13d/1774,#1774,6.8497666,ETH,16707.950690719998,6.51,WETH,15886.2228,6.75,WETH,16926.57,2026-09-06T21:56:59.000Z,blur,2026-09-17T19:37:25.000Z,1,ethereum,0xbc4ca0eda7647a8ab7c2061c2e118a18a936f13d,1774,ERC721,boredapeyachtclub,Bored Ape Yacht Club,2412,Background: Orange | Clothes: Toga | Earring: Silver Hoop | Eyes: Closed | Fur: Pink | Hat: S&m Hat | Mouth: Bored,https://i2c.seadn.io/base/0x7e72abdf47bd21bf0ed6ea8cb8dad60579f3fb50/58d5cc3fc342034b39b344374d1e77/fd58d5cc3fc342034b39b344374d1e77.png,0xff53e1da7b67ae676d7742f858aab5bd4bc937f6,Check_my-bio,False,False,ssr,1,1
opensea.io,2026-09-17T08:22:50.208587+00:00,https://opensea.io/item/ethereum/0xbc4ca0eda7647a8ab7c2061c2e118a18a936f13d/1474,ethereum/0xbc4ca0eda7647a8ab7c2061c2e118a18a936f13d/1474,#1474,6.84979,ETH,16708.007768,6.49,WETH,15837.4172,6.5,ETH,16276.52,2026-09-14T14:57:23.000Z,blur,2026-09-17T10:42:08.000Z,1,ethereum,0xbc4ca0eda7647a8ab7c2061c2e118a18a936f13d,1474,ERC721,boredapeyachtclub,Bored Ape Yacht Club,7044,Background: Blue | Clothes: Tanktop | Eyes: Bloodshot | Fur: Pink | Hat: Girl's Hair Short | Mouth: Bored,https://i2c.seadn.io/base/0x7e72abdf47bd21bf0ed6ea8cb8dad60579f3fb50/73cfbf303c84af133f3f311116235a/7973cfbf303c84af133f3f311116235a.png,0xba40917080746543702c90a75d2fd36c7f333395,Tritonwarmer,False,False,ssr,1,2
opensea.io,2026-09-17T08:22:50.208603+00:00,https://opensea.io/item/ethereum/0xbc4ca0eda7647a8ab7c2061c2e118a18a936f13d/3428,ethereum/0xbc4ca0eda7647a8ab7c2061c2e118a18a936f13d/3428,#3428,6.8498,ETH,16708.03216,6.6,WETH,16105.848,10.45,,22281.8035,2026-05-20T17:11:35.000Z,opensea,2026-09-17T19:11:27.000Z,1,ethereum,0xbc4ca0eda7647a8ab7c2061c2e118a18a936f13d,3428,ERC721,boredapeyachtclub,Bored Ape Yacht Club,8903,Background: New Punk Blue | Clothes: Guayabera | Eyes: Eyepatch | Fur: Black | Hat: Beanie | Mouth: Bored,https://i2c.seadn.io/base/0x7e72abdf47bd21bf0ed6ea8cb8dad60579f3fb50/a0113a319b0a5248383a91916b7dc1/e3a0113a319b0a5248383a91916b7dc1.png,0xb497070466dc15fa6420b4781bb0352257146495,PockyTheHamster,False,False,ssr,1,3
opensea.io,2026-09-17T08:22:50.208629+00:00,https://opensea.io/item/ethereum/0xbc4ca0eda7647a8ab7c2061c2e118a18a936f13d/2307,ethereum/0xbc4ca0eda7647a8ab7c2061c2e118a18a936f13d/2307,#2307,6.85,ETH,16708.52,6.51,WETH,15886.2228,6.7999,ETH,16900.947453,2026-09-08T19:35:59.000Z,blur,2026-09-18T18:51:51.000Z,1,ethereum,0xbc4ca0eda7647a8ab7c2061c2e118a18a936f13d,2307,ERC721,boredapeyachtclub,Bored Ape Yacht Club,1617,Background: Gray | Clothes: Black Holes T | Eyes: Sad | Fur: White | Hat: Baby's Bonnet | Mouth: Bored Cigar,https://i2c.seadn.io/base/0x7e72abdf47bd21bf0ed6ea8cb8dad60579f3fb50/5d08bc0406ea44512dfe0cce6d6d43/635d08bc0406ea44512dfe0cce6d6d43.png,0xc2dacbb2dc82e81fe2d3e7e5f2bec2cf0bdbf14f,ArtBloxPapi,False,False,ssr,1,4
opensea.io,2026-09-17T08:22:50.208650+00:00,https://opensea.io/item/ethereum/0xbc4ca0eda7647a8ab7c2061c2e118a18a936f13d/8749,ethereum/0xbc4ca0eda7647a8ab7c2061c2e118a18a936f13d/8749,#8749,6.88,ETH,16781.696,6.51,WETH,15886.2228,7.5,ETH,17360.925,2026-08-20T21:30:59.000Z,blur,2026-09-19T18:28:46.000Z,1,ethereum,0xbc4ca0eda7647a8ab7c2061c2e118a18a936f13d,8749,ERC721,boredapeyachtclub,Bored Ape Yacht Club,4712,Background: Purple | Clothes: Black Holes T | Eyes: Bored | Fur: Blue | Hat: Party Hat 1 | Mouth: Bored Unshaven Cigarette,https://i2c.seadn.io/base/0x7e72abdf47bd21bf0ed6ea8cb8dad60579f3fb50/ba5c8ade34753f99c8c7f04d5e8da0/58ba5c8ade34753f99c8c7f04d5e8da0.png,0x29469395eaf6f95920e59f858042f0e28d98a20b,,False,False,ssr,1,5
opensea.io,2026-09-17T08:22:50.208663+00:00,https://opensea.io/item/ethereum/0xbc4ca0eda7647a8ab7c2061c2e118a18a936f13d/5899,ethereum/0xbc4ca0eda7647a8ab7c2061c2e118a18a936f13d/5899,#5899,6.89,ETH,16806.088,6.49,WETH,15837.4172,6.85,ETH,17225.7635,2026-09-11T23:58:23.000Z,blur,2027-03-12T19:47:30.000Z,1,ethereum,0xbc4ca0eda7647a8ab7c2061c2e118a18a936f13d,5899,ERC721,boredapeyachtclub,Bored Ape Yacht Club,4417,Background: Yellow | Clothes: Biker Vest | Earring: Silver Hoop | Eyes: Angry | Fur: Black | Mouth: Tongue Out,https://i2c.seadn.io/base/0x7e72abdf47bd21bf0ed6ea8cb8dad60579f3fb50/017dc39d189e92a01b349d38e177ba/2a017dc39d189e92a01b349d38e177ba.png,0x06d30a5dede7a9f3408f179a08618d8c5468d540,Room4,False,False,ssr,1,6
opensea.io,2026-09-17T08:22:50.208674+00:00,https://opensea.io/item/ethereum/0xbc4ca0eda7647a8ab7c2061c2e118a18a936f13d/4520,ethereum/0xbc4ca0eda7647a8ab7c2061c2e118a18a936f13d/4520,#4520,6.9777,ETH,17020.005839999998,6.51,WETH,15886.2228,9.6,ETH,15531.84,2026-07-01T16:09:47.000Z,blur,2026-10-17T00:53:05.000Z,1,ethereum,0xbc4ca0eda7647a8ab7c2061c2e118a18a936f13d,4520,ERC721,boredapeyachtclub,Bored Ape Yacht Club,4062,Background: Purple | Clothes: Prison Jumpsuit | Earring: Silver Stud | Eyes: Robot | Fur: Brown | Hat: Beanie | Mouth: Bored,https://i2c.seadn.io/base/0x7e72abdf47bd21bf0ed6ea8cb8dad60579f3fb50/23d4f83420d01fc5b5e8de8906deaa/0323d4f83420d01fc5b5e8de8906deaa.png,0x29469395eaf6f95920e59f858042f0e28d98a20b,,False,False,ssr,1,7
opensea.io,2026-09-17T08:22:50.208684+00:00,https://opensea.io/item/ethereum/0xbc4ca0eda7647a8ab7c2061c2e118a18a936f13d/5465,ethereum/0xbc4ca0eda7647a8ab7c2061c2e118a18a936f13d/5465,#5465,6.988,ETH,17045.1296,6.51,WETH,15886.2228,7.6998999999999,,18904.332485999756,2026-08-29T23:36:11.000Z,blur,2026-09-18T23:52:24.000Z,1,ethereum,0xbc4ca0eda7647a8ab7c2061c2e118a18a936f13d,5465,ERC721,boredapeyachtclub,Bored Ape Yacht Club,4312,Background: Gray | Clothes: Stunt Jacket | Eyes: Crazy | Fur: Dark Brown | Hat: Short Mohawk | Mouth: Phoneme  ooo,https://i2c.seadn.io/base/0x7e72abdf47bd21bf0ed6ea8cb8dad60579f3fb50/04a0b8156f488ffd64b0e2146d49ac/c904a0b8156f488ffd64b0e2146d49ac.png,0x29469395eaf6f95920e59f858042f0e28d98a20b,,False,False,ssr,1,8
opensea.io,2026-09-17T08:22:50.208695+00:00,https://opensea.io/item/ethereum/0xbc4ca0eda7647a8ab7c2061c2e118a18a936f13d/7768,ethereum/0xbc4ca0eda7647a8ab7c2061c2e118a18a936f13d/7768,#7768,6.99,ETH,17050.008,6.49,WETH,15837.4172,7.25,WETH,17856.46,2026-09-01T11:57:47.000Z,opensea,2026-09-21T20:12:02.000Z,1,ethereum,0xbc4ca0eda7647a8ab7c2061c2e118a18a936f13d,7768,ERC721,boredapeyachtclub,Bored Ape Yacht Club,5648,Background: New Punk Blue | Clothes: Navy Striped Tee | Eyes: Robot | Fur: Gray | Hat: Party Hat 1 | Mouth: Bored,https://i2c.seadn.io/base/0x7e72abdf47bd21bf0ed6ea8cb8dad60579f3fb50/8e7c3e309eabe949e690fac89f040e/0b8e7c3e309eabe949e690fac89f040e.png,0xf76246b0842c92ad5bd745973ca9eb85b937b126,B0redApeYachtClvb,False,False,ssr,1,9
opensea.io,2026-09-17T08:22:50.208709+00:00,https://opensea.io/item/ethereum/0xbc4ca0eda7647a8ab7c2061c2e118a18a936f13d/2049,ethereum/0xbc4ca0eda7647a8ab7c2061c2e118a18a936f13d/2049,#2049,6.999,ETH,17071.9608,6.51,WETH,15886.2228,6.39999,,13769.8344846,2026-04-06T10:58:59.000Z,blur,2026-09-17T08:54:52.000Z,1,ethereum,0xbc4ca0eda7647a8ab7c2061c2e118a18a936f13d,2049,ERC721,boredapeyachtclub,Bored Ape Yacht Club,5785,Background: Purple | Clothes: Tuxedo Tee | Earring: Silver Hoop | Eyes: Bored | Fur: Blue | Mouth: Jovial,https://i2c.seadn.io/ethereum/0xbc4ca0eda7647a8ab7c2061c2e118a18a936f13d/2169a61990f6c2bdb8e8ac977ced65/752169a61990f6c2bdb8e8ac977ced65.png,0x29469395eaf6f95920e59f858042f0e28d98a20b,,False,False,ssr,1,10
opensea.io,2026-09-17T08:22:50.208719+00:00,https://opensea.io/item/ethereum/0xbc4ca0eda7647a8ab7c2061c2e118a18a936f13d/5268,ethereum/0xbc4ca0eda7647a8ab7c2061c2e118a18a936f13d/5268,#5268,7.13,ETH,17391.496,6.51,WETH,15886.2228,6.75,,16049.5425,2026-09-16T17:39:47.000Z,blur,2026-09-17T13:19:32.000Z,1,ethereum,0xbc4ca0eda7647a8ab7c2061c2e118a18a936f13d,5268,ERC721,boredapeyachtclub,Bored Ape Yacht Club,7275,Background: Aquamarine | Clothes: Prison Jumpsuit | Eyes: Coins | Fur: Cream | Mouth: Dumbfounded,https://i2c.seadn.io/ethereum/0xbc4ca0eda7647a8ab7c2061c2e118a18a936f13d/fa8322da11642d1d7201f7840e221e/2afa8322da11642d1d7201f7840e221e.png,0x1a1660e7d83b3b2e047fb0f26a159f9dd9dcb486,u-571.eth,False,False,ssr,1,11
opensea.io,2026-09-17T08:22:50.208729+00:00,https://opensea.io/item/ethereum/0xbc4ca0eda7647a8ab7c2061c2e118a18a936f13d/4560,ethereum/0xbc4ca0eda7647a8ab7c2061c2e118a18a936f13d/4560,#4560,7.1388,ETH,17412.96096,6.51,WETH,15886.2228,8.66,ETH,16648.9366,2026-07-15T21:33:35.000Z,blur,2027-03-06T13:47:49.000Z,1,ethereum,0xbc4ca0eda7647a8ab7c2061c2e118a18a936f13d,4560,ERC721,boredapeyachtclub,Bored Ape Yacht Club,5146,Background: Aquamarine | Clothes: Sailor Shirt | Eyes: Closed | Fur: Dark Brown | Hat: Prussian Helmet | Mouth: Phoneme Vuh,https://i2c.seadn.io/base/0x7e72abdf47bd21bf0ed6ea8cb8dad60579f3fb50/29a8635a10c665c35e473d2fb8554e/e129a8635a10c665c35e473d2fb8554e.png,0x7ff2ac88b121fe54be5b5ab7bf8b9471d43ff50c,,False,False,ssr,1,12
opensea.io,2026-09-17T08:22:50.208739+00:00,https://opensea.io/item/ethereum/0xbc4ca0eda7647a8ab7c2061c2e118a18a936f13d/1197,ethereum/0xbc4ca0eda7647a8ab7c2061c2e118a18a936f13d/1197,#1197,7.19,ETH,17537.848,6.51,WETH,15886.2228,31.0,ETH,149265.14366398926,2021-11-09T18:11:55.000Z,opensea,2027-01-12T11:00:00.000Z,1,ethereum,0xbc4ca0eda7647a8ab7c2061c2e118a18a936f13d,1197,ERC721,boredapeyachtclub,Bored Ape Yacht Club,1977,Background: Aquamarine | Clothes: Blue Dress | Eyes: Eyepatch | Fur: Dark Brown | Hat: Army Hat | Mouth: Bored Unshaven Cigar,https://i2c.seadn.io/base/0x7e72abdf47bd21bf0ed6ea8cb8dad60579f3fb50/67b0bf17de1b5f7367e73186b68830/d167b0bf17de1b5f7367e73186b68830.png,0x0a2a335b7420db3bada6a13e354d465a3d6de2a4,OsmiumAlpha,False,False,ssr,1,13
opensea.io,2026-09-17T08:22:50.208749+00:00,https://opensea.io/item/ethereum/0xbc4ca0eda7647a8ab7c2061c2e118a18a936f13d/2427,ethereum/0xbc4ca0eda7647a8ab7c2061c2e118a18a936f13d/2427,#2427,7.25,ETH,17684.2,6.55,WETH,15983.833999999999,6.99,ETH,17510.7888,2026-09-06T03:19:23.000Z,blur,2027-03-05T03:49:38.000Z,1,ethereum,0xbc4ca0eda7647a8ab7c2061c2e118a18a936f13d,2427,ERC721,boredapeyachtclub,Bored Ape Yacht Club,4890,Background: Purple | Clothes: Stunt Jacket | Eyes: Sleepy | Fur: Zombie | Hat: Ww2 Pilot Helm | Mouth: Bored,https://i2c.seadn.io/base/0x7e72abdf47bd21bf0ed6ea8cb8dad60579f3fb50/3a51e9f094f6fb46ffcf481c72d050/453a51e9f094f6fb46ffcf481c72d050.png,0xff206cf405af066f553aab85ed5ae870c734eea9,hello_g,False,False,ssr,1,14
opensea.io,2026-09-17T08:22:50.208758+00:00,https://opensea.io/item/ethereum/0xbc4ca0eda7647a8ab7c2061c2e118a18a936f13d/1464,ethereum/0xbc4ca0eda7647a8ab7c2061c2e118a18a936f13d/1464,#1464,7.4776,ETH,18239.36192,6.49,WETH,15837.4172,7.2,WETH,17687.592,2026-09-04T19:31:35.000Z,blur,2026-09-17T15:31:08.000Z,1,ethereum,0xbc4ca0eda7647a8ab7c2061c2e118a18a936f13d,1464,ERC721,boredapeyachtclub,Bored Ape Yacht Club,6195,Background: Yellow | Eyes: Crazy | Fur: Tan | Hat: Fez | Mouth: Phoneme L,https://i2c.seadn.io/base/0x7e72abdf47bd21bf0ed6ea8cb8dad60579f3fb50/ab6ac1649f04de3850d9ca1a764ab5/d1ab6ac1649f04de3850d9ca1a764ab5.png,0xff53e1da7b67ae676d7742f858aab5bd4bc937f6,Check_my-bio,False,False,ssr,1,15
opensea.io,2026-09-17T08:22:50.208768+00:00,https://opensea.io/item/ethereum/0xbc4ca0eda7647a8ab7c2061c2e118a18a936f13d/3471,ethereum/0xbc4ca0eda7647a8ab7c2061c2e118a18a936f13d/3471,#3471,7.49,ETH,18269.608,6.81,WETH,16618.3068,6.56,WETH,16675.52,2026-09-14T19:59:11.000Z,opensea,2026-09-21T20:12:02.000Z,1,ethereum,0xbc4ca0eda7647a8ab7c2061c2e118a18a936f13d,3471,ERC721,boredapeyachtclub,Bored Ape Yacht Club,7277,Background: New Punk Blue | Clothes: Leather Jacket | Eyes: Robot | Fur: Dark Brown | Hat: Beanie | Mouth: Bored Cigarette,https://i2c.seadn.io/base/0x7e72abdf47bd21bf0ed6ea8cb8dad60579f3fb50/08a4d9c09d245227906bf8462cccd5/ab08a4d9c09d245227906bf8462cccd5.png,0xf76246b0842c92ad5bd745973ca9eb85b937b126,B0redApeYachtClvb,False,False,ssr,1,16
opensea.io,2026-09-17T08:22:50.208778+00:00,https://opensea.io/item/ethereum/0xbc4ca0eda7647a8ab7c2061c2e118a18a936f13d/1385,ethereum/0xbc4ca0eda7647a8ab7c2061c2e118a18a936f13d/1385,#1385,7.5,ETH,18294.0,6.54,WETH,15959.4312,0.16,ETH,444.272578125,2021-05-01T07:49:01.000Z,opensea,2027-03-13T19:59:23.000Z,1,ethereum,0xbc4ca0eda7647a8ab7c2061c2e118a18a936f13d,1385,ERC721,boredapeyachtclub,Bored Ape Yacht Club,7122,Background: Orange | Clothes: Bone Necklace | Eyes: Bloodshot | Fur: Dark Brown | Hat: Fisherman's Hat | Mouth: Bored Unshaven Cigarette,https://i2c.seadn.io/base/0x7e72abdf47bd21bf0ed6ea8cb8dad60579f3fb50/1666da4df567c6f8b46b19c5045c04/011666da4df567c6f8b46b19c5045c04.png,0x758b54320f984a8cabf833f969e7c721c5c12141,Aiur-Labs,False,False,ssr,1,17
opensea.io,2026-09-17T08:22:50.208788+00:00,https://opensea.io/item/ethereum/0xbc4ca0eda7647a8ab7c2061c2e118a18a936f13d/3751,ethereum/0xbc4ca0eda7647a8ab7c2061c2e118a18a936f13d/3751,#3751,7.5,ETH,18294.0,6.72,WETH,16398.6816,8.15,WETH,15353.133,2026-08-12T02:38:11.000Z,opensea,2026-12-14T02:12:53.000Z,1,ethereum,0xbc4ca0eda7647a8ab7c2061c2e118a18a936f13d,3751,ERC721,boredapeyachtclub,Bored Ape Yacht Club,1432,Background: New Punk Blue | Clothes: Tanktop | Earring: Silver Hoop | Eyes: Sunglasses | Fur: Black | Hat: Beanie | Mouth: Phoneme L,https://i2c.seadn.io/base/0x7e72abdf47bd21bf0ed6ea8cb8dad60579f3fb50/05fcf68647a602fa0d15516ff35678/f005fcf68647a602fa0d15516ff35678.png,0xf1080f36f97835260207e5c76fe8eb5d878307b1,gaseth,False,False,ssr,1,18
opensea.io,2026-09-17T08:22:50.208797+00:00,https://opensea.io/item/ethereum/0xbc4ca0eda7647a8ab7c2061c2e118a18a936f13d/8321,ethereum/0xbc4ca0eda7647a8ab7c2061c2e118a18a936f13d/8321,#8321,7.5,ETH,18294.0,6.51,WETH,15886.2228,8.349,ETH,16901.04768,2026-05-28T18:58:35.000Z,opensea,2026-11-07T14:08:08.000Z,1,ethereum,0xbc4ca0eda7647a8ab7c2061c2e118a18a936f13d,8321,ERC721,boredapeyachtclub,Bored Ape Yacht Club,9763,Background: Purple | Clothes: Hawaiian | Eyes: Crazy | Fur: Brown | Mouth: Bored,https://i2c.seadn.io/base/0x7e72abdf47bd21bf0ed6ea8cb8dad60579f3fb50/277b3ea93471e8189847a4c6682a75/b7277b3ea93471e8189847a4c6682a75.png,0x557e9fdf362af6d9322520698080b800d9bdf896,crypbroo,False,False,ssr,1,19
opensea.io,2026-09-17T08:22:50.208807+00:00,https://opensea.io/item/ethereum/0xbc4ca0eda7647a8ab7c2061c2e118a18a936f13d/2543,ethereum/0xbc4ca0eda7647a8ab7c2061c2e118a18a936f13d/2543,#2543,7.5,ETH,18294.0,6.51,WETH,15886.2228,6.65,ETH,16138.885,2026-09-15T15:49:11.000Z,opensea,2026-09-23T18:22:10.000Z,1,ethereum,0xbc4ca0eda7647a8ab7c2061c2e118a18a936f13d,2543,ERC721,boredapeyachtclub,Bored Ape Yacht Club,2932,Background: Aquamarine | Clothes: Bandolier | Earring: Gold Stud | Eyes: Angry | Fur: Dark Brown | Hat: Beanie | Mouth: Bored,https://i2c.seadn.io/base/0x7e72abdf47bd21bf0ed6ea8cb8dad60579f3fb50/aa35d830a376744c080a8b432103bc/92aa35d830a376744c080a8b432103bc.png,0x7179af9dbe43f1dbfed8733b83260ecac18515c4,Nascrypt,False,False,ssr,1,20
opensea.io,2026-09-17T08:22:50.208817+00:00,https://opensea.io/item/ethereum/0xbc4ca0eda7647a8ab7c2061c2e118a18a936f13d/6818,ethereum/0xbc4ca0eda7647a8ab7c2061c2e118a18a936f13d/6818,#6818,7.75,ETH,18903.8,6.82,WETH,16642.709600000002,11.5,WETH,51126.24,2025-09-17T18:49:23.000Z,opensea,2026-09-18T04:38:07.000Z,1,ethereum,0xbc4ca0eda7647a8ab7c2061c2e118a18a936f13d,6818,ERC721,boredapeyachtclub,Bored Ape Yacht Club,278,Background: Gray | Clothes: Kings Robe | Earring: Silver Hoop | Eyes: Heart | Fur: Tan | Hat: Commie Hat | Mouth: Small Grin,https://i2c.seadn.io/base/0x7e72abdf47bd21bf0ed6ea8cb8dad60579f3fb50/e28f478fd5d1073bb2f8b90b43a8fb/23e28f478fd5d1073bb2f8b90b43a8fb.png,0x8198ec7dc90831c37a742d304e95f1c4bbcb9837,dukeinv,False,False,ssr,1,21
opensea.io,2026-09-17T08:22:50.208826+00:00,https://opensea.io/item/ethereum/0xbc4ca0eda7647a8ab7c2061c2e118a18a936f13d/8609,ethereum/0xbc4ca0eda7647a8ab7c2061c2e118a18a936f13d/8609,#8609,7.77,ETH,18952.584,6.49,WETH,15837.4172,6.999,,17566.58013,2026-09-06T21:27:59.000Z,blur,2026-10-06T21:34:13.000Z,1,ethereum,0xbc4ca0eda7647a8ab7c2061c2e118a18a936f13d,8609,ERC721,boredapeyachtclub,Bored Ape Yacht Club,8901,Background: Yellow | Clothes: Prison Jumpsuit | Eyes: Coins | Fur: Dark Brown | Hat: Fisherman's Hat | Mouth: Bored,https://i2c.seadn.io/base/0x7e72abdf47bd21bf0ed6ea8cb8dad60579f3fb50/481d2576b8beac9c86876753fe41c1/16481d2576b8beac9c86876753fe41c1.png,0x29469395eaf6f95920e59f858042f0e28d98a20b,,False,False,ssr,1,22
opensea.io,2026-09-17T08:22:50.208838+00:00,https://opensea.io/item/ethereum/0xbc4ca0eda7647a8ab7c2061c2e118a18a936f13d/9849,ethereum/0xbc4ca0eda7647a8ab7c2061c2e118a18a936f13d/9849,#9849,7.8,ETH,19025.76,6.49,WETH,15837.4172,8.42,ETH,15657.3268,2026-08-04T01:40:11.000Z,blur,2026-09-19T11:04:46.000Z,1,ethereum,0xbc4ca0eda7647a8ab7c2061c2e118a18a936f13d,9849,ERC721,boredapeyachtclub,Bored Ape Yacht Club,5614,Background: Yellow | Eyes: Bloodshot | Fur: Black | Hat: Baby's Bonnet | Mouth: Bored Unshaven Pipe,https://i2c.seadn.io/base/0x7e72abdf47bd21bf0ed6ea8cb8dad60579f3fb50/76b4d9470446b9e03ee3ae4ea248b1/9a76b4d9470446b9e03ee3ae4ea248b1.png,0x29469395eaf6f95920e59f858042f0e28d98a20b,,False,False,ssr,1,23
opensea.io,2026-09-17T08:22:50.208847+00:00,https://opensea.io/item/ethereum/0xbc4ca0eda7647a8ab7c2061c2e118a18a936f13d/1573,ethereum/0xbc4ca0eda7647a8ab7c2061c2e118a18a936f13d/1573,#1573,7.8,ETH,19025.76,6.51,WETH,15886.2228,7.14,,17519.6322,2026-09-05T07:13:59.000Z,blur,2026-09-18T00:15:44.000Z,1,ethereum,0xbc4ca0eda7647a8ab7c2061c2e118a18a936f13d,1573,ERC721,boredapeyachtclub,Bored Ape Yacht Club,8593,Background: Gray | Earring: Gold Hoop | Eyes: Sleepy | Fur: Brown | Hat: Fisherman's Hat | Mouth: Bored,https://i2c.seadn.io/base/0x7e72abdf47bd21bf0ed6ea8cb8dad60579f3fb50/fb4f61ea80d80f5e6e769fb488690b/fffb4f61ea80d80f5e6e769fb488690b.png,0x29469395eaf6f95920e59f858042f0e28d98a20b,,False,False,ssr,1,24
opensea.io,2026-09-17T08:22:50.208857+00:00,https://opensea.io/item/ethereum/0xbc4ca0eda7647a8ab7c2061c2e118a18a936f13d/2311,ethereum/0xbc4ca0eda7647a8ab7c2061c2e118a18a936f13d/2311,#2311,7.86,ETH,19172.112,6.51,WETH,15886.2228,7.55,WETH,17004.6385,2026-08-20T03:01:47.000Z,blur,2026-09-22T14:46:52.000Z,1,ethereum,0xbc4ca0eda7647a8ab7c2061c2e118a18a936f13d,2311,ERC721,boredapeyachtclub,Bored Ape Yacht Club,8792,Background: Aquamarine | Earring: Silver Hoop | Eyes: Bored | Fur: Dark Brown | Hat: Prussian Helmet | Mouth: Bored Unshaven,https://i2c.seadn.io/base/0x7e72abdf47bd21bf0ed6ea8cb8dad60579f3fb50/942207a3a94eb57a6a81f51a811b14/be942207a3a94eb57a6a81f51a811b14.png,0xf15c93562bc3944a68e938ef75d2a3360d98ca57,f15c93,False,False,ssr,1,25
